2.7864,03.12.17 15:05
2.8365,03.12.17 14:05
2.988,03.12.17 13:05
2.966,03.12.17 12:05
2.8515,03.12.17 11:05
2.9394,03.12.17 10:05
2.907,03.12.17 09:05
2.9668,03.12.17 08:05
2.9989,03.12.17 07:05
3.0118,03.12.17 06:05
3.0003,03.12.17 05:05
2.9893,03.12.17 04:05
2.9243,03.12.17 03:05
2.9262,03.12.17 02:05
2.9701,03.12.17 01:05
2.9524,03.12.17 00:05
3.0153,02.12.17 23:05
3.0205,02.12.17 22:05
3.0546,02.12.17 21:05
3.038,02.12.17 20:05
3.0273,02.12.17 19:05
3.0673,02.12.17 18:05
2.8504,02.12.17 17:05
2.9106,02.12.17 16:05
2.8892,02.12.17 15:05
2.9909,02.12.17 14:05
2.9984,02.12.17 13:05
3.0034,02.12.17 12:05
3.1355,02.12.17 11:05
3.1633,02.12.17 10:05
3.1793,02.12.17 09:05
2.9766,02.12.17 08:05
3.2669,02.12.17 07:05
3.2806,02.12.17 06:05
3.2854,02.12.17 05:05
3.2885,02.12.17 04:05
3.2924,02.12.17 03:05
3.3481,02.12.17 02:05
3.45,02.12.17 01:05
3.4438,02.12.17 00:05
3.0183,01.12.17 23:05
3.026,01.12.17 22:05
3.1711,01.12.17 21:05
3.5886,01.12.17 20:05
3.8195,01.12.17 19:05
3.7383,01.12.17 18:05
3.8025,01.12.17 17:05
3.3413,01.12.17 16:05
3.2954,01.12.17 15:05
3.4736,01.12.17 14:05
3.6407,01.12.17 13:05
3.5881,01.12.17 12:05
3.6032,01.12.17 11:05
3.6412,01.12.17 10:05
3.5696,01.12.17 09:05
3.5084,01.12.17 08:05
3.6016,01.12.17 07:05
3.6242,01.12.17 06:05
3.8526,01.12.17 05:05
3.8341,01.12.17 04:05
4.0214,01.12.17 03:05
6.121,01.12.17 02:05
6.1585,01.12.17 01:05
6.1692,01.12.17 00:05
6.1882,30.11.17 23:05
6.1243,30.11.17 22:05
6.2912,30.11.17 21:05
6.5019,30.11.17 20:05
6.404,30.11.17 19:05
6.3965,30.11.17 18:05
5.9076,30.11.17 17:05
5.8015,30.11.17 16:05
6.0049,30.11.17 15:05
6.4083,30.11.17 14:05
5.9704,30.11.17 13:05
5.9694,30.11.17 12:05
6.0103,30.11.17 11:05
5.9859,30.11.17 10:05
5.9735,30.11.17 09:05
5.9668,30.11.17 08:05
6.2266,30.11.17 07:05
6.1367,30.11.17 06:05
6.2316,30.11.17 05:05
5.8505,30.11.17 04:05
5.8476,30.11.17 03:05
5.808,30.11.17 02:05
5.672,30.11.17 01:05
5.7048,30.11.17 00:05
6.5313,29.11.17 23:05
6.5379,29.11.17 22:05
6.6548,29.11.17 21:05
7.8634,29.11.17 20:05
8.4291,29.11.17 19:05
8.5572,29.11.17 18:05
8.6096,29.11.17 17:05
8.5537,29.11.17 16:05
7.9818,29.11.17 15:05
7.9285,29.11.17 14:05
10.507,29.11.17 13:05
10.6953,29.11.17 12:05
11.1868,29.11.17 11:05
10.9232,29.11.17 10:05
10.7965,29.11.17 09:05
10.5903,29.11.17 08:05
10.5339,29.11.17 07:05
11.1314,29.11.17 06:05
11.0281,29.11.17 05:05
9.8673,29.11.17 04:05
9.5032,29.11.17 03:05
9.1867,29.11.17 02:05
9.8878,29.11.17 01:05
9.7793,29.11.17 00:05
9.7732,28.11.17 23:05
9.7657,28.11.17 22:05
9.8346,28.11.17 21:05
10.1591,28.11.17 20:05
10.2408,28.11.17 19:05
10.0501,28.11.17 18:05
10.0566,28.11.17 17:05
10.115,28.11.17 16:05
10.1445,28.11.17 15:05
10.0703,28.11.17 14:05
10.2322,28.11.17 13:05
10.4041,28.11.17 12:05
10.5361,28.11.17 11:05
10.5439,28.11.17 10:05
10.509,28.11.17 09:05
10.5688,28.11.17 08:05
10.5306,28.11.17 07:05
10.7074,28.11.17 06:05
10.5009,28.11.17 05:05
10.8499,28.11.17 04:05
10.8142,28.11.17 03:05
11.094,28.11.17 02:05
11.3039,28.11.17 01:05
10.9081,28.11.17 00:05
11.5498,27.11.17 23:05
11.4132,27.11.17 22:05
11.3339,27.11.17 21:05
11.3372,27.11.17 20:05
11.3992,27.11.17 19:05
11.554,27.11.17 18:05
11.6081,27.11.17 17:05
12.2645,27.11.17 16:05
12.2509,27.11.17 15:05
12.2392,27.11.17 14:05
30.1443,27.11.17 13:05
30.8367,27.11.17 12:05
30.6043,27.11.17 11:05
30.4954,27.11.17 10:05
25.2351,27.11.17 09:05
24.0817,27.11.17 08:05
23.0717,27.11.17 07:05
25.9531,27.11.17 06:05
26.3201,27.11.17 05:05
26.5367,27.11.17 04:05
26.848,27.11.17 03:05
27.7304,27.11.17 02:05
28.4474,27.11.17 01:05
28.3781,27.11.17 00:05
28.3515,26.11.17 23:05
24.6995,26.11.17 22:05
24.4452,26.11.17 21:05
24.7331,26.11.17 20:05
23.9072,26.11.17 19:05
24.9725,26.11.17 18:05
23.9137,26.11.17 17:05
23.6127,26.11.17 16:05
24.4378,26.11.17 15:05
24.2694,26.11.17 14:05
24.3783,26.11.17 13:05
24.8905,26.11.17 12:05
24.4357,26.11.17 11:05
25.1159,26.11.17 10:05
25.116,26.11.17 09:05
25.2075,26.11.17 08:05
25.3,26.11.17 07:05
24.4,26.11.17 06:05
23.9212,26.11.17 05:05
24.8537,26.11.17 04:05
26.2081,26.11.17 03:05
27.3696,26.11.17 02:05
27.6177,26.11.17 01:05
27.9921,26.11.17 00:05
26.7273,25.11.17 23:05
26.6674,25.11.17 22:05
26.2866,25.11.17 21:05
26.3803,25.11.17 20:05
27.6802,25.11.17 19:05
27.4908,25.11.17 18:05
25.0828,25.11.17 17:05
23.8501,25.11.17 16:05
26.7579,25.11.17 15:05
28.0815,25.11.17 14:05
28.5344,25.11.17 13:05
28.4384,25.11.17 12:05
28.4674,25.11.17 11:05
28.2485,25.11.17 10:05
25.5215,25.11.17 09:05
21.7582,25.11.17 08:05
22.4926,25.11.17 07:05
25.5676,25.11.17 06:05
32.5576,25.11.17 05:05
33.0925,25.11.17 04:05
40.4096,25.11.17 03:05
41.1442,25.11.17 02:05
41.3845,25.11.17 01:05
41.1881,25.11.17 00:05
41.1048,24.11.17 23:05
43.7295,24.11.17 22:05
41.2671,24.11.17 21:05
41.5204,24.11.17 20:05
42.3845,24.11.17 19:05
42.301,24.11.17 18:05
42.2238,24.11.17 17:05
42.513,24.11.17 16:05
42.4086,24.11.17 15:05
42.4573,24.11.17 14:05
43.3475,24.11.17 13:05
42.6239,24.11.17 12:05
42.6483,24.11.17 11:05
42.8537,24.11.17 10:05
41.8383,24.11.17 09:05
41.3103,24.11.17 08:05
42.4542,24.11.17 07:05
42.4607,24.11.17 06:05
41.6327,24.11.17 05:05
43.9385,24.11.17 04:05
42.0882,24.11.17 03:05
40.1206,24.11.17 02:05
38.7081,24.11.17 01:05
38.6829,24.11.17 00:05
38.3488,23.11.17 23:05
38.4379,23.11.17 22:05
38.5612,23.11.17 21:05
38.4905,23.11.17 20:05
39.2143,23.11.17 19:05
39.3291,23.11.17 18:05
39.4376,23.11.17 17:05
39.7274,23.11.17 16:05
39.3633,23.11.17 15:05
39.3862,23.11.17 14:05
44.2602,23.11.17 13:05
44.7598,23.11.17 12:05
46.4382,23.11.17 11:05
48.9993,23.11.17 10:05
50.1444,23.11.17 09:05
52.4355,23.11.17 08:05
52.0482,23.11.17 07:05
51.148,23.11.17 06:05
50.9685,23.11.17 05:05
52.014,23.11.17 04:05
53.8393,23.11.17 03:05
53.7383,23.11.17 02:05
54.0603,23.11.17 01:05
53.3814,23.11.17 00:05
52.7786,22.11.17 23:05
57.4706,22.11.17 22:05
58.617,22.11.17 21:05
57.5123,22.11.17 20:05
57.0858,22.11.17 19:05
62.4281,22.11.17 18:05
63.4853,22.11.17 17:05
63.8683,22.11.17 16:05
64.8415,22.11.17 15:05
64.4125,22.11.17 14:05
61.0349,22.11.17 13:05
61.6064,22.11.17 12:05
59.6435,22.11.17 11:05
60.5586,22.11.17 10:05
59.1492,22.11.17 09:05
59.9672,22.11.17 08:05
60.1721,22.11.17 07:05
61.8915,22.11.17 06:05
63.367,22.11.17 05:05
63.2478,22.11.17 04:05
62.6451,22.11.17 03:05
67.7408,22.11.17 02:05
68.9344,22.11.17 01:05
70.188,22.11.17 00:05
69.8578,21.11.17 23:05
70.7319,21.11.17 22:05
69.9562,21.11.17 21:05
69.8297,21.11.17 20:05
69.5638,21.11.17 19:05
68.5661,21.11.17 18:05
68.1737,21.11.17 17:05
69.2038,21.11.17 16:05
70.1752,21.11.17 15:05
70.5321,21.11.17 14:05
71.3204,21.11.17 13:05
73.1992,21.11.17 12:05
76.0025,21.11.17 11:05
75.1281,21.11.17 10:05
75.4071,21.11.17 09:05
77.3385,21.11.17 08:05
77.9541,21.11.17 07:05
78.3888,21.11.17 06:05
87.7366,21.11.17 05:05
87.7208,21.11.17 04:05
87.4592,21.11.17 03:05
89.1133,21.11.17 02:05
92.318,21.11.17 01:05
107.556,21.11.17 00:05
120.2162,20.11.17 23:05
133.2176,20.11.17 22:05
140.4958,20.11.17 21:05
139.8792,20.11.17 20:05
140.5346,20.11.17 19:05
151.4219,20.11.17 18:05
141.1312,20.11.17 17:05
132.8178,20.11.17 16:05
133.1566,20.11.17 15:05
116.9558,20.11.17 14:05
111.6728,20.11.17 13:05
107.5165,20.11.17 12:05
108.9699,20.11.17 11:05
113.1436,20.11.17 10:05
104.6156,20.11.17 09:05
102.5943,20.11.17 08:05
102.5934,20.11.17 07:05
105.0477,20.11.17 06:05
105.5972,20.11.17 05:05
105.6553,20.11.17 04:05
96.3166,20.11.17 03:05
94.6703,20.11.17 02:05
86.4239,20.11.17 01:05
87.0425,20.11.17 00:05
98.45,19.11.17 23:05
86.2331,19.11.17 22:05
77.9351,19.11.17 21:05
88.0794,19.11.17 20:05
91.7411,19.11.17 19:05
113.4061,19.11.17 18:05
85.4369,19.11.17 17:05
78.6077,19.11.17 16:05
80.856,19.11.17 15:05
95.1656,19.11.17 14:05
97.6818,19.11.17 13:05
107.1635,19.11.17 12:05
109.0475,19.11.17 11:05
112.732,19.11.17 10:05
112.5356,19.11.17 09:05
114.028,19.11.17 08:05
124.0505,19.11.17 07:05
128.4186,19.11.17 06:05
128.9095,19.11.17 05:05
133.6089,19.11.17 04:05
133.4287,19.11.17 03:05
136.0318,19.11.17 02:05
138.8256,19.11.17 01:05
138.0602,19.11.17 00:05
141.9104,18.11.17 23:05
138.4692,18.11.17 22:05
145.8276,18.11.17 21:05
146.2118,18.11.17 20:05
146.0544,18.11.17 19:05
148.134,18.11.17 18:05
172.9189,18.11.17 17:05
180.7954,18.11.17 16:05
166.1156,18.11.17 15:05
148.6776,18.11.17 14:05
136.0171,18.11.17 13:05
126.5696,18.11.17 12:05
127.8331,18.11.17 11:05
117.0381,18.11.17 10:05
119.0194,18.11.17 09:05
117.2572,18.11.17 08:05
117.5805,18.11.17 07:05
117.6265,18.11.17 06:05
117.5701,18.11.17 05:05
119.232,18.11.17 04:05
127.1495,18.11.17 03:05
129.8973,18.11.17 02:05
155.7998,18.11.17 01:05
184.2121,18.11.17 00:05
157.1488,17.11.17 23:05
125.0982,17.11.17 22:05
117.6914,17.11.17 21:05
102.8703,17.11.17 20:05
75.6455,17.11.17 19:05
57.3734,17.11.17 18:05
1.9417,17.11.17 17:05
0.8247,17.11.17 16:05
0.8221,17.11.17 15:05
0.8208,17.11.17 14:05
0.8128,17.11.17 13:05
0.8154,17.11.17 12:05
0.8158,17.11.17 11:05
0.8207,17.11.17 10:05
0.8177,17.11.17 09:05
0.8218,17.11.17 08:05
0.8226,17.11.17 07:05
0.8236,17.11.17 06:05
0.8244,17.11.17 05:05
0.8238,17.11.17 04:05
0.8009,17.11.17 03:05
0.8006,17.11.17 02:05
0.8005,17.11.17 01:05
0.8123,17.11.17 00:05
0.7699,16.11.17 23:05
0.8187,16.11.17 22:05
0.8256,16.11.17 21:05
0.8266,16.11.17 20:05
0.825,16.11.17 19:05
0.8263,16.11.17 18:05
0.8315,16.11.17 17:05
0.8347,16.11.17 16:05
0.8349,16.11.17 15:05
0.8482,16.11.17 14:05
0.7076,16.11.17 13:05
0.7054,16.11.17 12:05
0.7071,16.11.17 11:05
0.6978,16.11.17 10:05
0.6956,16.11.17 09:05
0.6502,16.11.17 08:05
0.6512,16.11.17 07:05
0.6334,16.11.17 06:05
0.6402,16.11.17 05:05
0.6488,16.11.17 04:05
0.6485,16.11.17 03:05
0.6491,16.11.17 02:05
0.644,16.11.17 01:05
0.6444,16.11.17 00:05
0.6443,15.11.17 23:05
0.646,15.11.17 22:05
0.6474,15.11.17 21:05
0.6487,15.11.17 20:05
0.6461,15.11.17 19:05
0.6466,15.11.17 18:05
0.6473,15.11.17 17:05
0.6559,15.11.17 16:05
0.7691,15.11.17 15:05
0.7761,15.11.17 14:05
0.7852,15.11.17 13:05
0.7896,15.11.17 12:05
0.7908,15.11.17 11:05
0.7903,15.11.17 10:05
0.8032,15.11.17 09:05
0.8005,15.11.17 08:05
0.8001,15.11.17 07:05
0.8009,15.11.17 06:05
0.8021,15.11.17 05:05
0.8068,15.11.17 04:05
0.8081,15.11.17 03:05
0.8102,15.11.17 02:05
0.8106,15.11.17 01:05
0.7945,15.11.17 00:05
0.7927,14.11.17 23:05
0.8085,14.11.17 22:05
0.7896,14.11.17 21:05
0.7895,14.11.17 20:05
0.7508,14.11.17 19:05
0.7509,14.11.17 18:05
0.7678,14.11.17 17:05
0.7566,14.11.17 16:05
0.7571,14.11.17 15:05
0.8128,14.11.17 14:05
1.053,14.11.17 13:05
1.0704,14.11.17 12:05
1.0704,14.11.17 11:05
1.1256,14.11.17 10:05
1.2751,14.11.17 09:05
1.2832,14.11.17 08:05
1.2952,14.11.17 07:05
1.3254,14.11.17 06:05
1.3032,14.11.17 05:05
1.3336,14.11.17 04:05
1.3349,14.11.17 03:05
1.3238,14.11.17 02:05
1.3244,14.11.17 01:05
1.3299,14.11.17 00:05
1.3488,13.11.17 23:05
1.3488,13.11.17 22:05
1.3496,13.11.17 21:05
1.3651,13.11.17 20:05
1.7715,13.11.17 19:05
1.7713,13.11.17 18:05
1.7341,13.11.17 17:05
1.6839,13.11.17 16:05
1.7539,13.11.17 15:05
1.7309,13.11.17 14:05
1.981,13.11.17 13:05
1.9847,13.11.17 12:05
2.0387,13.11.17 11:05
2.0428,13.11.17 10:05
2.043,13.11.17 09:05
1.9006,13.11.17 08:05
1.8912,13.11.17 07:05
1.9401,13.11.17 06:05
1.8787,13.11.17 05:05
1.7256,13.11.17 04:05
1.7235,13.11.17 03:05
1.7242,13.11.17 02:05
1.712,13.11.17 01:05
1.6529,13.11.17 00:05
1.6252,12.11.17 23:05
1.1128,12.11.17 22:05
1.167,12.11.17 21:05
1.182,12.11.17 20:05
1.1923,12.11.17 19:05
1.1773,12.11.17 18:05
1.1959,12.11.17 17:05
1.1909,12.11.17 16:05
1.1935,12.11.17 15:05
1.2123,12.11.17 14:05
3.8693,12.11.17 13:05
4.2277,12.11.17 12:05
3.6961,12.11.17 11:05
3.7001,12.11.17 10:05
3.3089,12.11.17 09:05
3.8577,12.11.17 08:05
5.5333,12.11.17 07:05
6.5513,12.11.17 06:05
6.1274,12.11.17 05:05
6.1579,12.11.17 04:05
3.9052,12.11.17 03:05
4.2447,12.11.17 02:05
4.2439,12.11.17 01:05
4.2606,12.11.17 00:05
4.6231,11.11.17 23:05
4.6568,11.11.17 22:05
4.2268,11.11.17 21:05
4.2907,11.11.17 20:05
4.0148,11.11.17 19:05
4.1569,11.11.17 18:05
4.9745,11.11.17 17:05
5.0528,11.11.17 16:05
5.1791,11.11.17 15:05
5.1606,11.11.17 14:05
4.6656,11.11.17 13:05
4.3261,11.11.17 12:05
4.9549,11.11.17 11:05
4.9874,11.11.17 10:05
4.8899,11.11.17 09:05
4.8554,11.11.17 08:05
5.4922,11.11.17 07:05
5.6398,11.11.17 06:05
5.6768,11.11.17 05:05
5.6875,11.11.17 04:05
5.6359,11.11.17 03:05
5.7666,11.11.17 02:05
5.7941,11.11.17 01:05
5.7348,11.11.17 00:05
5.7474,10.11.17 23:05
5.7028,10.11.17 22:05
5.756,10.11.17 21:05
5.8775,10.11.17 20:05
6.0063,10.11.17 19:05
39.6653,10.11.17 18:05
38.9566,10.11.17 17:05
38.6869,10.11.17 16:05
39.0471,10.11.17 15:05
39.6823,10.11.17 14:05
39.2852,10.11.17 13:05
34.574,10.11.17 12:05
30.8464,10.11.17 11:05
30.9492,10.11.17 10:05
32.609,10.11.17 09:05
33.5771,10.11.17 08:05
33.7558,10.11.17 07:05
35.0483,10.11.17 06:05
31.034,10.11.17 05:05
30.6953,10.11.17 04:05
31.1267,10.11.17 03:05
31.1078,10.11.17 02:05
38.1204,10.11.17 01:05
38.1076,10.11.17 00:05
37.9408,09.11.17 23:05
38.2273,09.11.17 22:05
38.2936,09.11.17 21:05
38.3119,09.11.17 20:05
40.705,09.11.17 19:05
43.5316,09.11.17 18:05
54.7996,09.11.17 17:05
57.1952,09.11.17 16:05
56.7461,09.11.17 15:05
57.864,09.11.17 14:05
61.5208,09.11.17 13:05
60.4711,09.11.17 12:05
50.1669,09.11.17 11:05
49.6705,09.11.17 10:05
26.6865,09.11.17 09:05
26.2748,09.11.17 08:05
30.9742,09.11.17 07:05
12.7083,09.11.17 06:05
12.786,09.11.17 05:05
13.3188,09.11.17 04:05
11.5247,09.11.17 03:05
13.1576,09.11.17 02:05
11.1858,09.11.17 01:05
11.2625,09.11.17 00:05
11.8571,08.11.17 23:05
15.5135,08.11.17 22:05
20.3688,08.11.17 21:05
21.5558,08.11.17 20:05
23.6997,08.11.17 19:05
2.2387,08.11.17 18:05
4.3779,08.11.17 17:05
4.1605,08.11.17 16:05
3.9331,08.11.17 15:05
3.7973,08.11.17 14:05
3.6871,08.11.17 13:05
3.6322,08.11.17 12:05
4.1412,08.11.17 11:05
3.8971,08.11.17 10:05
3.9058,08.11.17 09:05
3.9381,08.11.17 08:05
3.9371,08.11.17 07:05
3.9284,08.11.17 06:05
3.8925,08.11.17 05:05
3.8912,08.11.17 04:05
3.914,08.11.17 03:05
3.9215,08.11.17 02:05
4.0699,08.11.17 01:05
4.2185,08.11.17 00:05
4.1862,07.11.17 23:05
4.0794,07.11.17 22:05
4.178,07.11.17 21:05
4.0652,07.11.17 20:05
4.0064,07.11.17 19:05
4.0748,07.11.17 18:05
4.0633,07.11.17 17:05
3.7776,07.11.17 16:05
3.7465,07.11.17 15:05
3.7772,07.11.17 14:05
3.7764,07.11.17 13:05
3.7575,07.11.17 12:05
3.7999,07.11.17 11:05
4.3959,07.11.17 10:05
5.7899,07.11.17 09:05
6.1268,07.11.17 08:05
6.2248,07.11.17 07:05
6.9095,07.11.17 06:05
6.2386,07.11.17 05:05
4.649,07.11.17 04:05
4.4505,07.11.17 03:05
4.4602,07.11.17 02:05
4.7388,07.11.17 01:05
5.0036,07.11.17 00:05
5.3293,06.11.17 23:05
5.3672,06.11.17 22:05
5.1049,06.11.17 21:05
5.0252,06.11.17 20:05
4.5442,06.11.17 19:05
4.5313,06.11.17 18:05
4.474,06.11.17 17:05
4.4837,06.11.17 16:05
4.4444,06.11.17 15:05
4.5096,06.11.17 14:05
4.5206,06.11.17 13:05
4.5107,06.11.17 12:05
4.4778,06.11.17 11:05
4.4511,06.11.17 10:05
4.4317,06.11.17 09:05
4.5433,06.11.17 08:05
4.4684,06.11.17 07:05
4.4476,06.11.17 06:05
4.5337,06.11.17 05:05
4.4207,06.11.17 04:05
4.387,06.11.17 03:05
4.2971,06.11.17 02:05
4.1987,06.11.17 01:05
4.1463,06.11.17 00:05
4.169,05.11.17 23:05
4.1474,05.11.17 22:05
4.2584,05.11.17 21:05
4.4886,05.11.17 20:05
4.4071,05.11.17 19:05
4.1102,05.11.17 18:05
4.1014,05.11.17 17:05
4.1891,05.11.17 16:05
4.0203,05.11.17 15:05
4.0429,05.11.17 14:05
3.9863,05.11.17 13:05
4.2568,05.11.17 12:05
4.2073,05.11.17 11:05
3.8807,05.11.17 10:05
3.9522,05.11.17 09:05
4.0083,05.11.17 08:05
4.0089,05.11.17 07:05
4.0288,05.11.17 06:05
4.0706,05.11.17 05:05
3.9483,05.11.17 04:05
3.9688,05.11.17 03:05
4.0144,05.11.17 02:05
3.9396,05.11.17 01:05
3.8071,05.11.17 00:05
3.8163,04.11.17 23:05
3.4592,04.11.17 22:05
3.4634,04.11.17 21:05
3.6336,04.11.17 20:05
3.7207,04.11.17 19:05
3.7202,04.11.17 18:05
3.7921,04.11.17 17:05
3.7883,04.11.17 16:05
3.7848,04.11.17 15:05
3.8244,04.11.17 14:05
3.5436,04.11.17 13:05
3.4904,04.11.17 12:05
4.2697,04.11.17 11:05
4.336,04.11.17 10:05
4.6043,04.11.17 09:05
4.6872,04.11.17 08:05
4.6922,04.11.17 07:05
4.8184,04.11.17 06:05
4.785,04.11.17 05:05
4.8607,04.11.17 04:05
4.9058,04.11.17 03:05
4.7892,04.11.17 02:05
4.7044,04.11.17 01:05
4.7047,04.11.17 00:05
4.6712,03.11.17 23:05
4.6983,03.11.17 22:05
4.8098,03.11.17 21:05
4.8087,03.11.17 20:05
4.9619,03.11.17 19:05
5.1064,03.11.17 18:05
4.8717,03.11.17 17:05
4.8062,03.11.17 16:05
4.3936,03.11.17 15:05
4.0654,03.11.17 14:05
3.9162,03.11.17 13:05
4.0779,03.11.17 12:05
4.1666,03.11.17 11:05
4.0904,03.11.17 10:05
4.4569,03.11.17 09:05
4.4975,03.11.17 08:05
4.3624,03.11.17 07:05
4.3756,03.11.17 06:05
4.2456,03.11.17 05:05
4.1496,03.11.17 04:05
4.1911,03.11.17 03:05
4.2359,03.11.17 02:05
4.2217,03.11.17 01:05
4.1499,03.11.17 00:05
4.2326,02.11.17 23:05
4.2371,02.11.17 22:05
4.2602,02.11.17 21:05
4.251,02.11.17 20:05
4.0793,02.11.17 19:05
4.2044,02.11.17 18:05
4.3385,02.11.17 17:05
4.256,02.11.17 16:05
4.2725,02.11.17 15:05
4.2659,02.11.17 14:05
4.4274,02.11.17 13:05
4.3611,02.11.17 12:05
4.3346,02.11.17 11:05
4.283,02.11.17 10:05
4.0788,02.11.17 09:05
4.0697,02.11.17 08:05
3.838,02.11.17 07:05
3.6657,02.11.17 06:05
3.6378,02.11.17 05:05
3.6109,02.11.17 04:05
4.0413,02.11.17 03:05
3.8094,02.11.17 02:05
3.7058,02.11.17 01:05
3.5791,02.11.17 00:05
3.5724,01.11.17 23:05
3.7198,01.11.17 22:05
3.717,01.11.17 21:05
3.575,01.11.17 20:05
3.5537,01.11.17 19:05
3.5487,01.11.17 18:05
3.5534,01.11.17 17:05
3.515,01.11.17 16:05
3.4488,01.11.17 15:05
3.508,01.11.17 14:05
3.5146,01.11.17 13:05
3.4154,01.11.17 12:05
3.2447,01.11.17 11:05
3.557,01.11.17 10:05
3.6181,01.11.17 09:05
3.5817,01.11.17 08:05
3.599,01.11.17 07:05
3.599,01.11.17 06:05
3.6084,01.11.17 05:05
3.6012,01.11.17 04:05
3.638,01.11.17 03:05
3.5824,01.11.17 02:05
3.5799,01.11.17 01:05
3.6234,01.11.17 00:05
3.5028,31.10.17 23:05
3.4541,31.10.17 22:05
3.4131,31.10.17 21:05
3.2177,31.10.17 20:05
3.3447,31.10.17 19:05
3.3831,31.10.17 18:05
3.3807,31.10.17 17:05
3.4002,31.10.17 16:05
3.0403,31.10.17 15:05
3.1771,31.10.17 13:05
3.0028,31.10.17 12:05
2.8723,31.10.17 11:05
3.5136,31.10.17 10:05
3.5816,31.10.17 09:05
3.5925,31.10.17 08:05
3.6075,31.10.17 07:05
3.7799,31.10.17 06:05
3.7702,31.10.17 05:05
3.7253,31.10.17 04:05
3.8707,31.10.17 03:05
3.8726,31.10.17 02:05
3.8752,31.10.17 01:05
3.8465,31.10.17 00:05
4.3706,30.10.17 23:05
4.3708,30.10.17 22:05
4.405,30.10.17 21:05
4.4036,30.10.17 20:05
4.4429,30.10.17 19:05
4.4203,30.10.17 18:05
4.1188,30.10.17 17:05
4.1176,30.10.17 16:05
4.1498,30.10.17 15:05
4.1874,30.10.17 14:05
4.1846,30.10.17 13:05
3.9686,30.10.17 12:05
4.007,30.10.17 11:05
4.1631,30.10.17 10:05
4.291,30.10.17 09:05
4.3903,30.10.17 08:05
4.4301,30.10.17 07:05
4.4207,30.10.17 06:05
4.424,30.10.17 05:05
4.4015,30.10.17 04:05
4.3719,30.10.17 03:05
4.3118,30.10.17 02:05
4.2857,30.10.17 01:05
6.0837,30.10.17 00:05
6.1483,29.10.17 23:05
6.1509,29.10.17 22:05
6.1507,29.10.17 21:05
6.3255,29.10.17 20:05
6.2187,29.10.17 19:05
6.1826,29.10.17 18:05
6.3753,29.10.17 17:05
6.5189,29.10.17 16:05
6.0115,29.10.17 15:05
5.9956,29.10.17 14:05
5.9799,29.10.17 13:05
5.9885,29.10.17 12:05
6.1389,29.10.17 11:05
6.0464,29.10.17 10:05
6.0102,29.10.17 09:05
5.8648,29.10.17 08:05
6.2779,29.10.17 07:05
6.3388,29.10.17 06:05
6.3501,29.10.17 05:05
6.7533,29.10.17 04:05
6.754,29.10.17 03:05
6.7423,29.10.17 02:05
6.749,29.10.17 01:05
6.5434,29.10.17 00:05
6.672,28.10.17 23:05
6.5184,28.10.17 22:05
6.6607,28.10.17 21:05
6.6754,28.10.17 20:05
7.0037,28.10.17 19:05
6.6656,28.10.17 18:05
6.5743,28.10.17 17:05
6.6063,28.10.17 16:05
6.234,28.10.17 15:05
6.1486,28.10.17 14:05
6.7834,28.10.17 13:05
6.8403,28.10.17 12:05
6.6056,28.10.17 11:05
6.4185,28.10.17 10:05
6.3604,28.10.17 09:05
6.68,28.10.17 08:05
6.6394,28.10.17 07:05
6.7284,28.10.17 06:05
6.7018,28.10.17 05:05
6.7996,28.10.17 04:05
6.7999,28.10.17 03:05
6.808,28.10.17 02:05
6.6953,28.10.17 01:05
6.6868,28.10.17 00:05
6.6839,27.10.17 23:05
6.7334,27.10.17 22:05
6.6793,27.10.17 21:05
6.6702,27.10.17 20:05
6.6698,27.10.17 19:05
6.5463,27.10.17 18:05
7.037,27.10.17 17:05
7.0893,27.10.17 16:05
6.8273,27.10.17 15:05
6.9686,27.10.17 14:05
7.0414,27.10.17 13:05
7.1253,27.10.17 12:05
7.1431,27.10.17 11:05
7.1362,27.10.17 10:05
7.2517,27.10.17 09:05
7.1517,27.10.17 08:05
7.2095,27.10.17 07:05
7.3082,27.10.17 06:05
7.2299,27.10.17 05:05
7.316,27.10.17 04:05
7.3556,27.10.17 03:05
7.3768,27.10.17 02:05
7.316,27.10.17 01:05
7.327,27.10.17 00:05
7.3238,26.10.17 23:05
6.8437,26.10.17 22:05
6.6773,26.10.17 21:05
7.6831,26.10.17 20:05
7.672,26.10.17 19:05
7.6,26.10.17 18:05
7.65,26.10.17 17:05
7.8485,26.10.17 16:05
7.9101,26.10.17 15:05
8.2008,26.10.17 14:05
8.6818,26.10.17 13:05
8.4743,26.10.17 12:05
8.6299,26.10.17 11:05
8.8195,26.10.17 10:05
8.7658,26.10.17 09:05
8.9433,26.10.17 08:05
9.6698,26.10.17 07:05
9.6345,26.10.17 06:05
9.454,26.10.17 05:05
9.4659,26.10.17 04:05
9.4511,26.10.17 03:05
9.6469,26.10.17 02:05
9.8094,26.10.17 01:05
9.8728,26.10.17 00:05
10.2906,25.10.17 23:05
10.3906,25.10.17 22:05
10.3262,25.10.17 21:05
10.5746,25.10.17 20:05
10.8585,25.10.17 19:05
10.9797,25.10.17 18:05
11.006,25.10.17 17:05
11.1631,25.10.17 16:05
11.2118,25.10.17 15:05
11.2398,25.10.17 14:05
11.2929,25.10.17 13:05
11.1034,25.10.17 12:05
11.3085,25.10.17 11:05
11.4731,25.10.17 10:05
11.4478,25.10.17 09:05
11.5595,25.10.17 08:05
11.8175,25.10.17 07:05
12.5372,25.10.17 06:05
12.5605,25.10.17 05:05
13.099,25.10.17 04:05
13.5756,25.10.17 03:05
14.7807,25.10.17 02:05
15.4163,25.10.17 01:05
15.5367,25.10.17 00:05
15.3091,24.10.17 23:05
15.4447,24.10.17 22:05
15.5663,24.10.17 21:05
15.5975,24.10.17 20:05
15.7159,24.10.17 19:05
15.9379,24.10.17 18:05
15.9653,24.10.17 17:05
15.9436,24.10.17 16:05
15.96,24.10.17 15:05
17.472,24.10.17 14:05
21.0268,24.10.17 13:05
20.1887,24.10.17 12:05
20.2363,24.10.17 11:05
20.1864,24.10.17 10:05
21.0429,24.10.17 09:05
23.2198,24.10.17 08:05
23.7745,24.10.17 07:05
24.6216,24.10.17 06:05
25.2553,24.10.17 05:05
26.6073,24.10.17 04:05
31.2581,24.10.17 03:05
31.7188,24.10.17 02:05
35.109,24.10.17 01:05
37.2464,24.10.17 00:05
38.5617,23.10.17 23:05
47.5048,23.10.17 22:05
46.9188,23.10.17 21:05
46.4699,23.10.17 20:05
46.5547,23.10.17 19:05
48.0408,23.10.17 18:05
48.2245,23.10.17 17:05
48.6674,23.10.17 16:05
49.4061,23.10.17 15:05
51.3238,23.10.17 14:05
51.2344,23.10.17 13:05
51.4275,23.10.17 12:05
51.218,23.10.17 11:05
50.8774,23.10.17 10:05
50.8096,23.10.17 09:05
50.9257,23.10.17 08:05
51.5976,23.10.17 07:05
50.6667,23.10.17 06:05
52.1622,23.10.17 05:05
51.6319,23.10.17 04:05
51.4454,23.10.17 03:05
51.6634,23.10.17 02:05
51.8514,23.10.17 01:05
51.7163,23.10.17 00:05
51.9198,22.10.17 23:05
51.7468,22.10.17 22:05
51.6697,22.10.17 21:05
52.0736,22.10.17 20:05
50.3423,22.10.17 19:05
50.1984,22.10.17 18:05
50.6763,22.10.17 17:05
53.1545,22.10.17 16:05
52.1949,22.10.17 15:05
52.0444,22.10.17 14:05
48.6686,22.10.17 13:05
49.0214,22.10.17 12:05
48.6108,22.10.17 11:05
49.0776,22.10.17 10:05
48.3374,22.10.17 09:05
48.6591,22.10.17 08:05
48.6708,22.10.17 07:05
49.3859,22.10.17 06:05
54.5563,22.10.17 05:05
65.7477,22.10.17 04:05
66.0893,22.10.17 03:05
80.5387,22.10.17 02:05
87.4499,22.10.17 01:05
89.7366,22.10.17 00:05
89.5859,21.10.17 23:05
90.6002,21.10.17 22:05
128.1844,21.10.17 21:05
127.0451,21.10.17 20:05
128.121,21.10.17 19:05
130.3891,21.10.17 18:05
129.9897,21.10.17 17:05
126.5331,21.10.17 16:05
115.2529,21.10.17 15:05
98.6398,21.10.17 14:05
88.4328,21.10.17 13:05
77.0438,21.10.17 12:05
78.6392,21.10.17 11:05
82.2906,21.10.17 10:05
73.0185,21.10.17 09:05
65.6266,21.10.17 08:05
51.8785,21.10.17 07:05
32.049,21.10.17 06:05
32.7703,21.10.17 05:05
33.1088,21.10.17 04:05
6.928,21.10.17 03:05
6.841,21.10.17 02:05
6.8297,21.10.17 01:05
6.8339,21.10.17 00:05
6.8403,20.10.17 23:05
6.808,20.10.17 22:05
6.8261,20.10.17 21:05
6.7548,20.10.17 20:05
6.8072,20.10.17 19:05
6.4644,20.10.17 18:05
6.4662,20.10.17 17:05
6.3687,20.10.17 16:05
6.3365,20.10.17 15:05
6.1269,20.10.17 14:05
6.1234,20.10.17 13:05
6.123,20.10.17 12:05
6.153,20.10.17 11:05
6.1347,20.10.17 10:05
6.2886,20.10.17 09:05
6.2716,20.10.17 08:05
6.2647,20.10.17 07:05
6.3151,20.10.17 06:05
6.3064,20.10.17 05:05
6.3634,20.10.17 04:05
6.0184,20.10.17 03:05
6.3397,20.10.17 02:05
6.476,20.10.17 01:05
6.3361,20.10.17 00:05
6.4415,19.10.17 23:05
6.4431,19.10.17 22:05
6.5551,19.10.17 21:05
6.5084,19.10.17 20:05
6.4723,19.10.17 19:05
6.5741,19.10.17 18:05
6.5572,19.10.17 17:05
6.4571,19.10.17 16:05
6.7404,19.10.17 15:05
6.6451,19.10.17 14:05
7.0725,19.10.17 13:05
7.0416,19.10.17 12:05
7.0451,19.10.17 11:05
7.0142,19.10.17 10:05
6.9814,19.10.17 09:05
7.0243,19.10.17 08:05
6.9713,19.10.17 07:05
6.978,19.10.17 06:05
7.0169,19.10.17 05:05
7.1301,19.10.17 04:05
7.459,19.10.17 03:05
7.9207,19.10.17 02:05
7.985,19.10.17 01:05
8.0143,19.10.17 00:05
7.6419,18.10.17 23:05
7.6257,18.10.17 22:05
7.779,18.10.17 21:05
7.6998,18.10.17 20:05
7.6719,18.10.17 19:05
7.6684,18.10.17 18:05
7.4491,18.10.17 17:05
7.2938,18.10.17 16:05
7.3328,18.10.17 15:05
7.1514,18.10.17 14:05
7.4623,18.10.17 13:05
7.0764,18.10.17 12:05
7.1711,18.10.17 11:05
7.1623,18.10.17 10:05
8.2835,18.10.17 09:05
8.0396,18.10.17 08:05
8.1254,18.10.17 07:05
8.1542,18.10.17 06:05
7.791,18.10.17 05:05
7.8382,18.10.17 04:05
8.2197,18.10.17 03:05
8.5872,18.10.17 02:05
8.6313,18.10.17 01:05
9.4381,18.10.17 00:05
9.5437,17.10.17 23:05
9.5496,17.10.17 22:05
9.9478,17.10.17 21:05
9.8829,17.10.17 20:05
10.257,17.10.17 19:05
10.6187,17.10.17 18:05
10.9963,17.10.17 17:05
9.5144,17.10.17 16:05
9.4061,17.10.17 15:05
9.5007,17.10.17 14:05
9.6597,17.10.17 13:05
14.2781,17.10.17 12:05
14.2911,17.10.17 11:05
14.4093,17.10.17 10:05
14.4068,17.10.17 09:05
14.7823,17.10.17 08:05
16.1035,17.10.17 07:05
16.3681,17.10.17 06:05
16.8254,17.10.17 05:05
18.1643,17.10.17 04:05
19.9969,17.10.17 03:05
20.5502,17.10.17 02:05
20.8605,17.10.17 01:05
22.3734,17.10.17 00:05
23.0687,16.10.17 23:05
19.8234,16.10.17 22:05
20.1306,16.10.17 21:05
20.0771,16.10.17 20:05
19.9067,16.10.17 19:05
19.3664,16.10.17 18:05
19.3725,16.10.17 17:05
21.9212,16.10.17 16:05
21.788,16.10.17 15:05
21.4828,16.10.17 14:05
22.5244,16.10.17 13:05
26.9374,16.10.17 12:05
27.0375,16.10.17 11:05
26.7466,16.10.17 10:05
25.8551,16.10.17 09:05
28.0045,16.10.17 08:05
27.5168,16.10.17 07:05
24.7733,16.10.17 06:05
24.3144,16.10.17 05:05
23.9696,16.10.17 04:05
22.5282,16.10.17 03:05
23.8416,16.10.17 02:05
23.3256,16.10.17 01:05
75.3258,16.10.17 00:05
76.1281,15.10.17 23:05
77.4728,15.10.17 22:05
76.8399,15.10.17 21:05
76.3513,15.10.17 20:05
73.9489,15.10.17 19:05
78.8229,15.10.17 18:05
88.06,15.10.17 17:05
90.1103,15.10.17 16:05
87.8444,15.10.17 15:05
85.0741,15.10.17 14:05
84.7958,15.10.17 13:05
84.6411,15.10.17 12:05
84.4788,15.10.17 11:05
83.267,15.10.17 10:05
83.8221,15.10.17 09:05
77.0043,15.10.17 08:05
77.6522,15.10.17 07:05
77.7915,15.10.17 06:05
77.1237,15.10.17 05:05
77.0433,15.10.17 04:05
76.6221,15.10.17 03:05
73.7449,15.10.17 02:05
68.8633,15.10.17 01:05
74.2407,15.10.17 00:05
74.5347,14.10.17 23:05
75.132,14.10.17 22:05
74.5668,14.10.17 21:05
65.1,14.10.17 20:05
63.8449,14.10.17 19:05
42.1917,14.10.17 18:05
36.972,14.10.17 17:05
37.5685,14.10.17 16:05
39.141,14.10.17 15:05
40.1407,14.10.17 14:05
41.2487,14.10.17 13:05
42.1225,14.10.17 12:05
41.7652,14.10.17 11:05
44.0031,14.10.17 10:05
39.9587,14.10.17 09:05
40.0436,14.10.17 08:05
39.9406,14.10.17 07:05
34.3658,14.10.17 06:05
34.1577,14.10.17 05:05
34.1572,14.10.17 04:05
30.3636,14.10.17 03:05
28.2031,14.10.17 02:05
27.9288,14.10.17 01:05
29.2852,14.10.17 00:05
41.4965,13.10.17 23:05
31.208,13.10.17 22:05
13.0009,13.10.17 21:05
12.7564,13.10.17 20:05
16.9332,13.10.17 19:05
16.7219,13.10.17 18:05
16.7009,13.10.17 17:05
16.3711,13.10.17 16:05
16.2913,13.10.17 15:05
16.167,13.10.17 14:05
16.2137,13.10.17 13:05
15.9873,13.10.17 12:05
15.6271,13.10.17 11:05
16.2953,13.10.17 10:05
16.2887,13.10.17 09:05
16.0702,13.10.17 08:05
16.2692,13.10.17 07:05
16.3604,13.10.17 06:05
13.3038,13.10.17 05:05
10.9278,13.10.17 04:05
10.6802,13.10.17 03:05
7.9393,13.10.17 02:05
7.6206,13.10.17 01:05
14.1082,13.10.17 00:05
7.5882,12.10.17 23:05
8.0782,12.10.17 22:05
8.1209,12.10.17 21:05
9.6168,12.10.17 20:05
9.851,12.10.17 19:05
11.0906,12.10.17 18:05
15.8027,12.10.17 17:05
21.4606,12.10.17 16:05
23.8105,12.10.17 15:05
23.866,12.10.17 14:05
24.5658,12.10.17 13:05
24.4577,12.10.17 12:05
24.8193,12.10.17 11:05
23.8773,12.10.17 10:05
21.3586,12.10.17 09:05
15.4264,12.10.17 08:05
5.6256,12.10.17 07:05
5.4058,12.10.17 06:05
5.4219,12.10.17 05:05
5.4825,12.10.17 04:05
5.492,12.10.17 03:05
5.4938,12.10.17 02:05
5.5224,12.10.17 01:05
5.518,12.10.17 00:05
5.2959,11.10.17 23:05
5.3075,11.10.17 22:05
5.2957,11.10.17 21:05
5.2864,11.10.17 20:05
5.2758,11.10.17 19:05
5.1834,11.10.17 18:05
5.1803,11.10.17 17:05
5.2132,11.10.17 16:05
5.1744,11.10.17 15:05
5.1908,11.10.17 14:05
5.1722,11.10.17 13:05
5.2356,11.10.17 12:05
5.2557,11.10.17 11:05
5.2738,11.10.17 10:05
5.2718,11.10.17 09:05
5.3112,11.10.17 08:05
5.4364,11.10.17 07:05
5.4802,11.10.17 06:05
5.4811,11.10.17 05:05
6.199,11.10.17 04:05
5.9781,11.10.17 03:05
6.0719,11.10.17 02:05
6.0741,11.10.17 01:05
6.0617,11.10.17 00:05
6.0615,10.10.17 23:05
6.0583,10.10.17 22:05
6.0547,10.10.17 21:05
6.0639,10.10.17 20:05
6.9054,10.10.17 19:05
6.8686,10.10.17 18:05
6.9201,10.10.17 17:05
6.8229,10.10.17 16:05
6.8297,10.10.17 15:05
6.853,10.10.17 14:05
6.8586,10.10.17 13:05
6.8602,10.10.17 12:05
6.8929,10.10.17 11:05
6.9462,10.10.17 10:05
6.9474,10.10.17 09:05
6.9563,10.10.17 08:05
6.9315,10.10.17 07:05
6.9217,10.10.17 06:05
6.9239,10.10.17 05:05
6.9474,10.10.17 04:05
6.9686,10.10.17 03:05
7.147,10.10.17 02:05
7.0503,10.10.17 01:05
7.0584,10.10.17 00:05
7.0477,09.10.17 23:05
6.9547,09.10.17 22:05
7.074,09.10.17 21:05
5.8789,09.10.17 20:05
5.9809,09.10.17 19:05
6.0912,09.10.17 18:05
6.184,09.10.17 17:05
6.3482,09.10.17 16:05
6.483,09.10.17 15:05
6.5333,09.10.17 14:05
6.5873,09.10.17 13:05
6.4586,09.10.17 12:05
6.5326,09.10.17 11:05
6.5316,09.10.17 10:05
6.5001,09.10.17 09:05
6.4902,09.10.17 08:05
6.4422,09.10.17 07:05
6.492,09.10.17 06:05
6.3238,09.10.17 05:05
6.2927,09.10.17 04:05
6.3881,09.10.17 03:05
6.4511,09.10.17 02:05
6.5236,09.10.17 01:05
6.7248,09.10.17 00:05
6.8314,08.10.17 23:05
6.9179,08.10.17 22:05
7.2577,08.10.17 21:05
7.6053,08.10.17 20:05
7.7181,08.10.17 19:05
7.7354,08.10.17 18:05
7.745,08.10.17 17:05
8.0267,08.10.17 16:05
8.1303,08.10.17 15:05
8.0346,08.10.17 14:05
7.9196,08.10.17 13:05
7.9007,08.10.17 12:05
7.7876,08.10.17 11:05
7.5832,08.10.17 10:34
7.5832,08.10.17 10:30
6.9376,08.10.17 09:30
6.8845,08.10.17 08:30
6.8953,08.10.17 07:30
7.0115,08.10.17 06:30
7.0239,08.10.17 05:30
6.9326,08.10.17 04:30
6.9392,08.10.17 03:30
7.0507,08.10.17 02:30
7.0774,08.10.17 01:30
7.127,08.10.17 00:30
7.0599,07.10.17 23:30
7.8254,07.10.17 22:30
7.8118,07.10.17 21:30
7.8386,07.10.17 20:30
7.8976,07.10.17 19:30
7.9213,07.10.17 18:30
8.0148,07.10.17 17:30
8.0224,07.10.17 16:30
8.0139,07.10.17 15:30
8.0455,07.10.17 14:30
8.0664,07.10.17 13:30
8.0948,07.10.17 12:30
8.1227,07.10.17 11:30
8.4082,07.10.17 10:30
8.6248,07.10.17 09:30
8.6655,07.10.17 08:30
8.7162,07.10.17 07:30
8.6449,07.10.17 06:30
8.7012,07.10.17 05:30
9.0655,07.10.17 04:30
9.458,07.10.17 03:30
9.5555,07.10.17 02:30
9.6263,07.10.17 01:30
9.6934,07.10.17 00:30
9.6794,06.10.17 23:30
9.6917,06.10.17 22:30
9.7127,06.10.17 21:30
9.7371,06.10.17 20:30
9.7413,06.10.17 19:30
9.7609,06.10.17 18:30
9.662,06.10.17 17:30
9.6825,06.10.17 16:30
9.7328,06.10.17 15:30
9.4381,06.10.17 14:30
9.6204,06.10.17 13:30
9.7995,06.10.17 12:30
10.4686,06.10.17 11:30
10.7481,06.10.17 10:30
10.8022,06.10.17 09:30
10.8005,06.10.17 08:30
10.9368,06.10.17 07:30
10.975,06.10.17 06:30
11.754,06.10.17 05:30
11.7682,06.10.17 04:30
11.9005,06.10.17 03:30
11.945,06.10.17 02:30
12.1999,06.10.17 01:30
12.3574,06.10.17 00:30
12.1738,05.10.17 23:30
12.0887,05.10.17 23:13
12.1906,05.10.17 23:01
12.1091,05.10.17 22:47
12.4252,05.10.17 22:33
12.4057,05.10.17 22:20
12.3716,05.10.17 22:09
12.343,05.10.17 21:52
12.4107,05.10.17 21:37
12.4502,05.10.17 21:23
12.5658,05.10.17 21:09
12.5713,05.10.17 20:57
12.569,05.10.17 20:47
12.5532,05.10.17 20:40
12.5486,05.10.17 20:33
12.554,05.10.17 20:27
12.6658,05.10.17 20:15
12.7963,05.10.17 18:58
13.0602,05.10.17 17:26
13.0886,05.10.17 15:57
13.1572,05.10.17 14:26
13.4053,05.10.17 12:44
13.7042,05.10.17 11:21
13.6934,05.10.17 09:40
13.6087,05.10.17 08:02
14.044,05.10.17 06:34
14.2125,05.10.17 04:52
15.0741,05.10.17 03:07
15.0872,05.10.17 01:49
15.1694,05.10.17 00:31
15.2144,04.10.17 22:55
15.3255,04.10.17 21:13
15.3755,04.10.17 19:54
15.3239,04.10.17 18:20
15.5198,04.10.17 16:40
15.8283,04.10.17 15:07
15.3085,04.10.17 13:15
15.4679,04.10.17 11:46
15.3455,04.10.17 10:17
15.192,04.10.17 08:53
15.1114,04.10.17 07:31
14.935,04.10.17 06:30
14.9415,04.10.17 05:30
14.9637,04.10.17 04:30
15.1055,04.10.17 03:30
15.0854,04.10.17 02:30
15.0944,04.10.17 01:30
15.1112,04.10.17 00:30
15.9514,03.10.17 23:30
16.0363,03.10.17 22:30
16.1898,03.10.17 21:30
16.1664,03.10.17 20:30
16.2847,03.10.17 19:30
16.4666,03.10.17 18:30
16.4092,03.10.17 17:30
16.4431,03.10.17 16:30
16.5499,03.10.17 15:30
17.3719,03.10.17 14:30
17.2391,03.10.17 13:30
17.5646,03.10.17 12:30
17.531,03.10.17 11:30
17.6294,03.10.17 10:30
19.5575,03.10.17 09:30
20.669,03.10.17 08:30
22.1458,03.10.17 07:30
24.8819,03.10.17 06:30
18.0403,03.10.17 05:30
18.1077,03.10.17 04:30
18.2594,03.10.17 03:30
17.6146,03.10.17 02:30
17.6427,03.10.17 01:30
17.1848,03.10.17 00:30
17.2063,02.10.17 23:30
17.1377,02.10.17 22:30
16.9195,02.10.17 21:30
16.9321,02.10.17 20:30
16.942,02.10.17 19:30
16.9461,02.10.17 18:30
17.0132,02.10.17 17:30
17.0347,02.10.17 16:30
17.0682,02.10.17 15:30
16.9725,02.10.17 14:30
16.9913,02.10.17 13:30
16.9623,02.10.17 12:30
16.8957,02.10.17 12:00
16.7785,02.10.17 11:50
16.7932,02.10.17 11:41
16.7707,02.10.17 11:31
16.773,02.10.17 11:22
16.7725,02.10.17 11:13
16.7414,02.10.17 11:05
16.6143,02.10.17 10:59
16.6143,02.10.17 10:56
16.6143,02.10.17 10:52
16.6143,02.10.17 10:48
16.6143,02.10.17 10:43
16.5431,02.10.17 10:38
16.5431,02.10.17 10:31
16.5407,02.10.17 09:41
16.5042,02.10.17 08:21
16.5448,02.10.17 07:04
16.5129,02.10.17 05:11
16.5154,02.10.17 03:40
16.4982,02.10.17 02:19
16.6903,02.10.17 00:46
16.741,01.10.17 23:11
16.6662,01.10.17 21:22
15.5028,01.10.17 20:10
15.4952,01.10.17 18:53
15.5309,01.10.17 16:57
15.3541,01.10.17 15:43
15.3771,01.10.17 14:23
15.4087,01.10.17 12:30
16.4029,01.10.17 11:04
16.4043,01.10.17 09:45
16.4552,01.10.17 08:34
16.5079,01.10.17 06:50
16.5119,01.10.17 05:25
16.5247,01.10.17 04:05
16.4251,01.10.17 02:37
16.5617,01.10.17 01:01
16.228,30.09.17 23:50
16.0447,30.09.17 22:20
16.1797,30.09.17 20:51
16.109,30.09.17 19:30
16.012,30.09.17 18:30
15.7884,30.09.17 17:30
15.6288,30.09.17 16:30
15.8968,30.09.17 15:31
17.1273,30.09.17 14:30
17.3971,30.09.17 13:30
17.6217,30.09.17 12:30
18.1004,30.09.17 11:30
18.6894,30.09.17 10:30
18.5227,30.09.17 09:30
18.9545,30.09.17 08:30
18.7854,30.09.17 07:30
20.2611,30.09.17 06:30
20.0594,30.09.17 05:30
20.2058,30.09.17 04:30
20.7444,30.09.17 03:30
20.9893,30.09.17 02:30
21.2682,30.09.17 01:30
21.6087,30.09.17 00:30
21.6119,29.09.17 23:30
21.7672,29.09.17 22:30
21.7622,29.09.17 21:30
21.6668,29.09.17 20:30
21.7798,29.09.17 19:30
21.8441,29.09.17 18:30
21.9777,29.09.17 17:30
22.0084,29.09.17 16:30
22.0976,29.09.17 15:30
22.1407,29.09.17 14:30
22.2146,29.09.17 13:30
22.887,29.09.17 12:30
22.6119,29.09.17 11:30
24.7769,29.09.17 10:30
26.6226,29.09.17 09:30
27.1579,29.09.17 08:30
27.1801,29.09.17 07:30
28.6045,29.09.17 06:30
27.2039,29.09.17 05:30
27.3773,29.09.17 04:30
28.0931,29.09.17 03:30
27.4187,29.09.17 02:30
31.3063,29.09.17 01:30
31.0879,29.09.17 00:30
31.6402,28.09.17 23:30
32.2491,28.09.17 22:30
32.2362,28.09.17 21:30
32.4666,28.09.17 20:30
35.4314,28.09.17 19:30
39.0891,28.09.17 18:30
39.0207,28.09.17 17:58
41.0516,28.09.17 16:39
40.5085,28.09.17 15:05
44.5984,28.09.17 13:50
44.9008,28.09.17 12:15
65.1496,28.09.17 10:45
69.0785,28.09.17 09:23
78.5838,28.09.17 07:29
102.7586,28.09.17 05:48
107.7817,28.09.17 04:38
106.6781,28.09.17 03:30
101.7425,28.09.17 02:30
107.1269,28.09.17 01:30
116.5768,28.09.17 00:30
115.0536,27.09.17 23:30
122.9528,27.09.17 22:30
115.3566,27.09.17 21:30
117.3618,27.09.17 20:30
128.8397,27.09.17 19:30
130.5709,27.09.17 18:30
126.2628,27.09.17 17:30
130.6749,27.09.17 16:30
117.7533,27.09.17 15:30
105.9352,27.09.17 14:30
107.0094,27.09.17 13:30
108.8158,27.09.17 12:30
96.3699,27.09.17 11:30
94.3276,27.09.17 10:30
91.453,27.09.17 09:30
89.5893,27.09.17 08:30
89.4672,27.09.17 07:30
88.523,27.09.17 06:30
69.8843,27.09.17 05:30
70.7525,27.09.17 04:30
74.7009,27.09.17 03:30
66.8965,27.09.17 02:30
67.6689,27.09.17 01:30
74.2101,27.09.17 00:30
93.9431,26.09.17 23:30
107.555,26.09.17 22:30
109.8889,26.09.17 21:30
80.6401,26.09.17 20:30
79.9896,26.09.17 19:30
79.2585,26.09.17 18:30
77.0951,26.09.17 17:30
67.6149,26.09.17 16:30
66.8585,26.09.17 15:30
64.0382,26.09.17 14:30
70.8343,26.09.17 13:30
65.99,26.09.17 12:30
61.0543,26.09.17 11:30
48.3081,26.09.17 10:30
45.5839,26.09.17 09:30
47.7468,26.09.17 08:30
52.2286,26.09.17 07:30
55.2688,26.09.17 06:30
71.238,26.09.17 05:30
74.0297,26.09.17 04:30
77.2572,26.09.17 03:30
84.4382,26.09.17 02:30
75.4532,26.09.17 01:30
69.1275,26.09.17 00:30
70.9812,25.09.17 23:30
73.1349,25.09.17 22:30
51.1328,25.09.17 21:30
33.6626,25.09.17 20:30
25.7099,25.09.17 19:30
23.7486,25.09.17 18:30
22.4016,25.09.17 17:30
14.2677,25.09.17 16:30
12.2296,25.09.17 15:30
6.8313,25.09.17 14:30
5.9016,25.09.17 13:30
4.1648,25.09.17 12:30
4.4753,25.09.17 11:30
4.5851,25.09.17 10:30
4.4813,25.09.17 09:30
6.9338,25.09.17 08:30
7.105,25.09.17 07:30
7.141,25.09.17 06:30
7.0758,25.09.17 05:30
7.2633,25.09.17 04:30
7.4116,25.09.17 03:30
6.637,25.09.17 02:30
4.9059,25.09.17 01:30
4.3715,25.09.17 00:30
4.3715,24.09.17 23:30
4.3714,24.09.17 22:30
4.8011,24.09.17 21:30
4.7928,24.09.17 20:30
3.7776,24.09.17 19:30
4.5942,24.09.17 18:30
5,24.09.17 17:30
4.9957,24.09.17 16:30
4.9958,24.09.17 15:30
4.7101,24.09.17 14:30
6.7435,24.09.17 13:30
3.5475,24.09.17 12:30
3.5562,24.09.17 11:30
3.5565,24.09.17 10:30
3.4418,24.09.17 09:30
3.4364,24.09.17 08:30
3.4041,24.09.17 07:30
3.3201,24.09.17 06:30
3.3069,24.09.17 05:30
3.5035,24.09.17 04:30
3.5045,24.09.17 03:30
3.5134,24.09.17 02:30
3.5099,24.09.17 01:30
3.495,24.09.17 00:30
3.4984,23.09.17 23:30
3.5007,23.09.17 22:30
3.5001,23.09.17 21:30
3.5006,23.09.17 20:30
3.6115,23.09.17 19:30
3.6746,23.09.17 18:30
3.6733,23.09.17 17:30
3.5988,23.09.17 16:30
3.6953,23.09.17 15:30
3.7063,23.09.17 14:30
3.6727,23.09.17 13:30
3.6754,23.09.17 12:30
3.7937,23.09.17 11:30
4.1146,23.09.17 10:30
4.4036,23.09.17 09:30
4.3327,23.09.17 08:30
4.3284,23.09.17 07:30
4.5128,23.09.17 06:30
4.5258,23.09.17 05:30
3.9278,23.09.17 04:30
3.3884,23.09.17 03:30
3.0706,23.09.17 02:30
2.8911,23.09.17 01:30
2.6088,23.09.17 00:30
2.6019,22.09.17 23:30
2.5982,22.09.17 22:30
2.0329,22.09.17 21:30
2.0337,22.09.17 20:30
1.6754,22.09.17 19:30
1.6527,22.09.17 18:30
1.6587,22.09.17 17:30
1.6632,22.09.17 16:30
1.6953,22.09.17 15:30
1.6875,22.09.17 14:30
1.6913,22.09.17 13:30
1.6944,22.09.17 12:30
1.663,22.09.17 11:30
1.6454,22.09.17 10:30
1.6798,22.09.17 09:30
1.6822,22.09.17 08:30
1.689,22.09.17 07:30
1.6872,22.09.17 06:30
1.6857,22.09.17 05:30
1.6852,22.09.17 04:30
1.6942,22.09.17 03:30
1.6952,22.09.17 02:30
1.6949,22.09.17 01:30
1.8141,22.09.17 00:30
1.8127,21.09.17 23:30
1.6589,21.09.17 22:30
1.6773,21.09.17 21:30
1.6761,21.09.17 20:30
1.7171,21.09.17 19:30
1.8404,21.09.17 18:30
1.8414,21.09.17 17:30
1.8877,21.09.17 16:30
1.5967,21.09.17 15:30
2.408,21.09.17 14:30
2.9163,21.09.17 13:30
2.9193,21.09.17 12:30
2.9222,21.09.17 11:30
2.9601,21.09.17 10:30
2.9418,21.09.17 09:30
3.0365,21.09.17 08:30
4.4094,21.09.17 07:30
4.4237,21.09.17 06:30
4.4256,21.09.17 05:30
6.055,21.09.17 04:30
5.3547,21.09.17 03:30
5.4913,21.09.17 02:30
6.0262,21.09.17 01:30
5.3129,21.09.17 00:30
5.2639,20.09.17 23:30
5.2542,20.09.17 22:30
5.4045,20.09.17 21:30
5.515,20.09.17 20:30
5.3414,20.09.17 19:30
5.423,20.09.17 18:30
5.5642,20.09.17 17:30
5.5562,20.09.17 16:30
5.6801,20.09.17 15:30
5.6991,20.09.17 14:30
5.73,20.09.17 13:30
5.7302,20.09.17 12:30
6.3394,20.09.17 11:30
6.6031,20.09.17 10:30
6.5545,20.09.17 09:30
6.6285,20.09.17 08:30
6.06,20.09.17 07:30
6.2388,20.09.17 06:30
6.7213,20.09.17 05:30
6.6917,20.09.17 04:30
6.5172,20.09.17 03:30
7.1052,20.09.17 02:30
7.6262,20.09.17 01:30
8.7322,20.09.17 00:30
8.6019,19.09.17 23:30
9.3492,19.09.17 22:30
9.6971,19.09.17 21:30
9.5869,19.09.17 20:30
9.9104,19.09.17 19:30
9.083,19.09.17 18:30
10.5578,19.09.17 17:30
10.555,19.09.17 16:30
10.7534,19.09.17 15:30
11.0699,19.09.17 14:30
11.1758,19.09.17 13:30
12.0709,19.09.17 12:30
12.0458,19.09.17 11:30
12.1385,19.09.17 10:30
12.0886,19.09.17 09:30
12.0941,19.09.17 08:30
12.2002,19.09.17 07:30
12.1407,19.09.17 06:30
12.36,19.09.17 05:30
12.4201,19.09.17 04:30
12.4912,19.09.17 03:30
12.6013,19.09.17 02:30
12.9719,19.09.17 01:30
14.9942,19.09.17 00:30
25.1136,18.09.17 23:30
25.1136,18.09.17 22:30
29.6215,18.09.17 21:30
36.5,18.09.17 20:30